{
  "F": {
    "floor_intercept": -4.545481141322762,
    "floor_coef_projected_points": 0.4208854429709548,
    "floor_coef_projected_points_sq": -0.006781482183191656,
    "floor_coef_team_probability": -0.23148231598023192,
    "floor_coef_is_rfa": -1.56283864788341,
    "intercept": -3.1855395525319397,
    "coef_projected_points": 0.07127926027388558,
    "coef_projected_points_sq": -0.00020431722977251005,
    "coef_team_probability": 0.042872564613081615,
    "coef_is_rfa": 0.1441715917462022,
    "residual_std": 0.3801026953706027,
    "sigma_intercept": 0.32571580738692396,
    "sigma_slope": -0.03967661071888968,
    "sigma_floor": 0.05,
    "n_total": 693,
    "n_above_floor": 604,
    "min_bid": 0.5,
    "max_bid": 11.4
  },
  "D": {
    "floor_intercept": 2.741902615108556,
    "floor_coef_projected_points": 0.14215895708610585,
    "floor_coef_projected_points_sq": -0.00678281911903694,
    "floor_coef_team_probability": -0.15421649044684096,
    "floor_coef_is_rfa": -1.6875814376312328,
    "intercept": -2.809058518392992,
    "coef_projected_points": 0.08714638931694219,
    "coef_projected_points_sq": -0.0003650121740869323,
    "coef_team_probability": 0.021340772875141654,
    "coef_is_rfa": 0.0783339039969474,
    "residual_std": 0.3311225191109123,
    "sigma_intercept": 0.2694289871428955,
    "sigma_slope": -0.027598598351848934,
    "sigma_floor": 0.05,
    "n_total": 356,
    "n_above_floor": 293,
    "min_bid": 0.5,
    "max_bid": 8.5
  },
  "G": {
    "floor_intercept": 2.358805750438549,
    "floor_coef_projected_points": -0.025210500981329015,
    "floor_coef_projected_points_sq": -0.0010203632288940212,
    "floor_coef_team_probability": 0.010929544669290147,
    "floor_coef_is_rfa": -0.8100715624954895,
    "intercept": -1.4910879427282948,
    "coef_projected_points": 0.03158659572316793,
    "coef_projected_points_sq": 0.0,
    "coef_team_probability": 0.02604917154499547,
    "coef_is_rfa": 0.010538953445255484,
    "residual_std": 0.5409506431031924,
    "sigma_intercept": 0.5079735810764284,
    "sigma_slope": 0.04119391275520657,
    "sigma_floor": 0.05,
    "n_total": 168,
    "n_above_floor": 144,
    "min_bid": 0.5,
    "max_bid": 10.5
  },
  "metadata": {
    "training_cutoff": "2018+",
    "features": [
      "projected_points",
      "projected_points_sq",
      "team_probability",
      "is_rfa"
    ],
    "target": "log(fchl_salary)",
    "model_type": "two_stage_logistic_OLS_log_normal",
    "stage_1": "logistic_regression -> P(salary == $0.5M floor)",
    "stage_2": "OLS_log_normal_quadratic on above-floor players only",
    "sigma_model": "fitted_linear",
    "goalie_quadratic": "constrained to <= 0 (diminishing returns enforced)"
  }
}